volunteer_id,name,availability,hours_served,last_event
V0001,Layla Garcia,Weekends,52,2025-08-06
V0002,Amelia Jones,Weekdays PM,210,2025-08-19
V0003,Liam Davis,Flexible,99,2025-09-04
V0004,Aiden Martin,Weekdays AM,359,2025-07-30
V0005,James Hernandez,Flexible,199,2025-06-22
V0006,Liam Lopez,Flexible,104,2025-07-05
V0007,Noah Brown,Weekdays AM,190,2025-08-17
V0008,Sebastian Hernandez,Weekdays AM,127,2025-07-07
V0009,Elijah Moore,Weekdays AM,38,2025-06-28
V0010,Jackson Smith,Weekends,101,2025-08-10
V0011,Sophia Johnson,Weekdays PM,142,2025-06-11
V0012,Abigail Jackson,Weekdays AM,293,2025-08-01
V0013,Liam Johnson,Weekends,52,2025-07-10
V0014,Emma Lopez,Weekends,208,2025-08-04
V0015,Sophia Hernandez,Flexible,376,2025-07-16
V0016,Ava Brown,Weekends,213,2025-09-03
V0017,Evelyn Brown,Weekdays PM,17,2025-08-15
V0018,Emily Gonzalez,Flexible,305,2025-06-05
V0019,Mason Garcia,Weekdays PM,354,2025-07-30
V0020,Olivia Williams,Weekdays PM,115,2025-08-27
V0021,Alexander Jones,Weekdays PM,261,2025-08-06
V0022,Daniel Martin,Weekends,234,2025-06-17
V0023,Mia Martinez,Weekends,324,2025-07-26
V0024,Liam Gonzalez,Weekdays PM,111,2025-08-18
V0025,Jackson Williams,Weekdays PM,295,2025-08-20
V0026,James Brown,Weekdays AM,78,2025-07-10
V0027,Aiden Williams,Flexible,53,2025-07-29
V0028,Mia Garcia,Weekends,87,2025-06-09
V0029,Isabella Jackson,Weekends,185,2025-06-12
V0030,Olivia Garcia,Flexible,137,2025-07-31
V0031,Isabella Anderson,Weekdays PM,68,2025-08-12
V0032,James Johnson,Weekends,151,2025-07-22
V0033,Logan Martin,Weekdays PM,230,2025-07-17
V0034,Evelyn Martin,Weekends,196,2025-06-11
V0035,Charlotte Wilson,Flexible,139,2025-08-27
V0036,Liam Martin,Weekdays AM,384,2025-07-02
V0037,Michael Moore,Weekdays AM,84,2025-06-14
V0038,Mason Gonzalez,Weekdays PM,296,2025-07-22
V0039,Sofia Williams,Weekdays PM,203,2025-07-30
V0040,Charlotte Williams,Weekends,243,2025-07-30
V0041,Alexander Moore,Flexible,60,2025-06-11
V0042,Elijah Brown,Flexible,398,2025-07-26
V0043,Sophia Gonzalez,Weekends,38,2025-07-11
V0044,Mia Martin,Flexible,113,2025-08-29
V0045,Daniel Thomas,Weekdays AM,147,2025-07-29
V0046,Liam Moore,Weekdays PM,245,2025-06-19
V0047,Alexander Miller,Weekends,295,2025-06-05
V0048,Jackson Gonzalez,Weekdays AM,190,2025-07-26
V0049,James Miller,Weekdays AM,113,2025-06-03
V0050,Sebastian Wilson,Weekends,134,2025-08-21
V0051,Elijah Williams,Weekdays PM,40,2025-07-06
V0052,Amelia Williams,Weekends,369,2025-07-28
V0053,Sofia Wilson,Weekdays PM,347,2025-07-04
V0054,Elijah Johnson,Weekdays AM,224,2025-07-14
V0055,Sebastian Martinez,Weekdays PM,106,2025-07-15
V0056,Logan Thomas,Flexible,279,2025-08-28
V0057,Emily Garcia,Flexible,186,2025-08-28
V0058,Abigail Gonzalez,Weekdays AM,292,2025-08-16
V0059,Sophia Williams,Weekdays PM,170,2025-08-25
V0060,Henry Hernandez,Weekdays AM,82,2025-07-29
V0061,Layla Jones,Flexible,167,2025-06-15
V0062,Emily Wilson,Weekends,271,2025-09-01
V0063,Emma Anderson,Weekdays PM,329,2025-07-28
V0064,Alexander Jackson,Weekdays AM,23,2025-06-28
V0065,Daniel Miller,Flexible,361,2025-08-09
V0066,Sebastian Garcia,Flexible,115,2025-07-15
V0067,Sophia Miller,Weekdays AM,194,2025-07-17
V0068,Emma Martinez,Weekends,262,2025-06-16
V0069,Michael Thomas,Flexible,216,2025-07-23
V0070,Ethan Lopez,Flexible,272,2025-07-13
V0071,Noah Garcia,Flexible,224,2025-07-18
V0072,Elijah Moore,Weekdays PM,282,2025-07-26
V0073,Amelia Martinez,Flexible,329,2025-07-07
V0074,Michael Martin,Weekdays AM,49,2025-06-14
V0075,Olivia Smith,Flexible,58,2025-08-03
V0076,Daniel Martin,Weekdays AM,329,2025-07-27
V0077,Evelyn Jackson,Weekdays AM,346,2025-07-08
V0078,Sofia Wilson,Weekdays PM,119,2025-07-29
V0079,Aiden Gonzalez,Weekdays AM,105,2025-07-31
V0080,Noah Lopez,Flexible,216,2025-08-22
V0081,Michael Gonzalez,Weekdays AM,196,2025-06-29
V0082,Evelyn Martinez,Weekends,342,2025-07-04
V0083,Mason Wilson,Weekdays PM,7,2025-07-24
V0084,Liam Smith,Weekdays AM,83,2025-07-18
V0085,Henry Taylor,Weekends,176,2025-06-22
V0086,Abigail Wilson,Weekdays PM,289,2025-07-21
V0087,Sophia Martin,Flexible,31,2025-08-13
V0088,Logan Jones,Flexible,377,2025-06-23
V0089,Amelia Hernandez,Weekdays PM,228,2025-06-30
V0090,Noah Jones,Weekdays AM,328,2025-08-13
V0091,Emily Gonzalez,Weekends,288,2025-06-21
V0092,Mia Miller,Weekdays AM,52,2025-06-04
V0093,Logan Smith,Weekdays PM,19,2025-08-19
V0094,Michael Moore,Weekdays AM,297,2025-07-19
V0095,Emma Jones,Flexible,329,2025-08-20
V0096,Sebastian Lopez,Weekdays PM,127,2025-08-23
V0097,Jack Davis,Weekends,104,2025-08-08
V0098,Henry Davis,Flexible,399,2025-07-04
V0099,Charlotte Johnson,Weekends,47,2025-06-19
V0100,Alexander Smith,Weekdays AM,61,2025-07-29
V0101,Layla Martin,Weekdays AM,59,2025-06-19
V0102,Mason Rodriguez,Weekdays PM,52,2025-06-10
V0103,James Lopez,Weekdays PM,205,2025-06-13
V0104,James Smith,Flexible,42,2025-08-02
V0105,Alexander Williams,Weekdays PM,356,2025-07-24
V0106,Amelia Hernandez,Flexible,87,2025-06-24
V0107,Mason Smith,Weekdays PM,342,2025-08-12
V0108,Alexander Martin,Weekdays AM,65,2025-07-14
V0109,Ethan Thomas,Weekdays AM,86,2025-08-06
V0110,Daniel Rodriguez,Weekdays AM,103,2025-08-17
V0111,Emma Moore,Weekdays AM,270,2025-08-05
V0112,Sebastian Jones,Weekdays PM,191,2025-06-15
V0113,Jack Miller,Weekdays AM,172,2025-06-18
V0114,Lucas Williams,Weekdays PM,142,2025-07-06
V0115,James Miller,Weekdays AM,183,2025-08-30
V0116,Aiden Martinez,Flexible,386,2025-08-03
V0117,Logan Taylor,Flexible,103,2025-07-03
V0118,Elijah Miller,Weekends,206,2025-06-14
V0119,Abigail Jackson,Weekends,89,2025-06-27
V0120,Daniel Thomas,Flexible,233,2025-07-25
V0121,Jackson Rodriguez,Weekends,323,2025-06-14
V0122,Jackson Gonzalez,Flexible,107,2025-08-12
V0123,Ethan Lopez,Weekdays AM,235,2025-06-22
V0124,Jack Johnson,Weekends,305,2025-07-23
V0125,Mason Martin,Weekends,208,2025-06-04
V0126,Noah Garcia,Weekends,224,2025-06-24
V0127,Ethan Davis,Weekdays AM,115,2025-08-24
V0128,Ethan Lopez,Weekdays PM,165,2025-06-16
V0129,Emma Hernandez,Weekdays AM,372,2025-07-13
V0130,Sophia Anderson,Weekends,124,2025-08-11
V0131,Olivia Gonzalez,Weekends,313,2025-06-28
V0132,Evelyn Miller,Weekdays AM,292,2025-07-06
V0133,Michael Martin,Weekdays AM,298,2025-08-22
V0134,Logan Wilson,Weekends,168,2025-06-26
V0135,Sophia Johnson,Flexible,260,2025-06-06
V0136,Isabella Wilson,Weekdays AM,68,2025-07-28
V0137,Elijah Martin,Weekends,307,2025-07-20
V0138,Lucas Jackson,Weekdays AM,150,2025-06-03
V0139,Alexander Jackson,Weekdays AM,241,2025-07-07
V0140,Ava Gonzalez,Weekdays AM,278,2025-08-07
V0141,Liam Hernandez,Weekdays AM,40,2025-07-31
V0142,Noah Wilson,Weekends,145,2025-07-11
V0143,Sebastian Lopez,Flexible,45,2025-08-11
V0144,Sebastian Hernandez,Flexible,318,2025-06-07
V0145,Amelia Martinez,Flexible,257,2025-08-22
V0146,Layla Brown,Weekends,321,2025-06-14
V0147,Emma Davis,Weekdays AM,10,2025-06-18
V0148,Noah Hernandez,Flexible,120,2025-06-22
V0149,Olivia Miller,Weekends,280,2025-06-01
V0150,Layla Johnson,Weekends,27,2025-06-15
V0151,Liam Martinez,Weekdays AM,140,2025-07-13
V0152,Michael Martin,Flexible,143,2025-08-29
V0153,Elijah Jones,Flexible,66,2025-06-17
V0154,Mia Jones,Flexible,331,2025-07-28
V0155,Charlotte Brown,Weekdays PM,300,2025-08-01
V0156,Charlotte Thomas,Weekends,169,2025-09-02
V0157,James Davis,Weekdays AM,140,2025-07-08
V0158,Michael Williams,Weekends,290,2025-07-02
V0159,Charlotte Miller,Weekdays AM,43,2025-08-03
V0160,Liam Miller,Weekdays AM,348,2025-06-28
V0161,Harper Gonzalez,Weekdays PM,254,2025-06-14
V0162,Mia Miller,Weekends,394,2025-07-10
V0163,Michael Anderson,Weekdays PM,263,2025-06-14
V0164,Layla Jones,Weekdays PM,191,2025-07-20
V0165,Harper Martin,Weekdays PM,209,2025-06-25
V0166,Olivia Rodriguez,Flexible,89,2025-08-27
V0167,Mason Jackson,Weekdays AM,80,2025-07-30
V0168,Jack Brown,Weekdays AM,128,2025-06-03
V0169,Jack Anderson,Weekdays PM,141,2025-06-04
V0170,James Taylor,Flexible,185,2025-07-04
V0171,Noah Moore,Weekdays AM,186,2025-07-26
V0172,Sophia Jones,Flexible,262,2025-07-26
V0173,Evelyn Hernandez,Weekdays AM,230,2025-07-05
V0174,Ethan Brown,Weekdays AM,337,2025-07-19
V0175,Daniel Wilson,Weekdays PM,155,2025-06-25
V0176,Amelia Garcia,Weekends,276,2025-08-17
V0177,James Taylor,Flexible,60,2025-08-27
V0178,Liam Davis,Weekdays AM,117,2025-06-15
V0179,Liam Johnson,Weekends,127,2025-06-09
V0180,Aiden Brown,Weekends,120,2025-08-19
V0181,Michael Gonzalez,Flexible,206,2025-06-13
V0182,Lucas Rodriguez,Flexible,110,2025-06-22
V0183,Emily Miller,Weekends,331,2025-07-07
V0184,Michael Martin,Weekends,380,2025-06-01
V0185,Noah Garcia,Flexible,383,2025-07-10
V0186,Sofia Davis,Weekdays PM,166,2025-08-27
V0187,Olivia Garcia,Weekdays PM,175,2025-07-29
V0188,Ava Smith,Flexible,224,2025-07-13
V0189,Emma Garcia,Weekends,44,2025-06-22
V0190,Charlotte Smith,Weekends,247,2025-08-14
V0191,Emma Thomas,Weekdays PM,246,2025-06-15
V0192,Liam Smith,Weekends,121,2025-08-07
V0193,Evelyn Garcia,Weekdays PM,53,2025-06-13
V0194,Mason Hernandez,Flexible,256,2025-09-03
V0195,Ethan Moore,Weekends,344,2025-08-02
V0196,Isabella Lopez,Flexible,11,2025-07-16
V0197,Mason Hernandez,Flexible,62,2025-07-05
V0198,Charlotte Taylor,Weekdays AM,80,2025-07-23
V0199,Sofia Davis,Weekdays PM,187,2025-08-03
V0200,Emma Davis,Flexible,189,2025-06-27
V0201,Daniel Williams,Weekdays PM,198,2025-08-21
V0202,Noah Rodriguez,Flexible,274,2025-06-23
V0203,Isabella Lopez,Weekends,205,2025-08-15
V0204,Logan Rodriguez,Weekends,102,2025-06-06
V0205,Abigail Taylor,Weekends,318,2025-06-16
V0206,Logan Anderson,Weekends,152,2025-06-15
V0207,Emma Thomas,Weekdays PM,243,2025-08-27
V0208,Ava Taylor,Weekends,324,2025-08-11
V0209,Charlotte Garcia,Weekends,254,2025-07-07
V0210,Olivia Martinez,Weekdays AM,237,2025-06-06
V0211,Sophia Martinez,Weekdays AM,32,2025-08-02
V0212,Mason Smith,Flexible,185,2025-08-24
V0213,Henry Smith,Weekdays AM,133,2025-06-18
V0214,Ethan Martinez,Weekdays PM,49,2025-08-31
V0215,Isabella Jones,Weekdays PM,226,2025-08-14
V0216,Layla Williams,Weekends,117,2025-06-05
V0217,James Lopez,Weekdays PM,352,2025-08-21
V0218,Amelia Wilson,Flexible,55,2025-07-04
V0219,Layla Martinez,Weekends,93,2025-08-12
V0220,Logan Hernandez,Weekdays PM,354,2025-06-26
V0221,Isabella Jones,Flexible,288,2025-06-26
V0222,Mason Martinez,Weekdays AM,157,2025-08-12
V0223,Layla Anderson,Weekdays PM,197,2025-07-26
V0224,Noah Jones,Flexible,360,2025-07-11
V0225,Evelyn Lopez,Flexible,186,2025-07-25
V0226,Harper Wilson,Flexible,241,2025-06-04
V0227,Layla Moore,Weekdays AM,397,2025-07-24
V0228,Olivia Jones,Weekends,129,2025-08-14
V0229,Evelyn Lopez,Weekdays PM,322,2025-08-09
V0230,Jack Jackson,Weekends,32,2025-09-05
V0231,Sofia Gonzalez,Weekdays PM,211,2025-08-25
V0232,Emma Anderson,Flexible,32,2025-06-11
V0233,Liam Rodriguez,Weekdays AM,175,2025-08-16
V0234,Noah Martinez,Flexible,358,2025-07-13
V0235,Sofia Johnson,Weekdays AM,384,2025-08-14
V0236,Charlotte Taylor,Weekdays AM,364,2025-06-27
V0237,Evelyn Jones,Flexible,74,2025-06-29
V0238,Jack Jones,Weekends,326,2025-07-10
V0239,Daniel Smith,Flexible,324,2025-08-28
V0240,Sophia Brown,Weekdays AM,5,2025-06-20
V0241,Jackson Brown,Weekdays AM,131,2025-06-27
V0242,Noah Thomas,Weekdays AM,263,2025-07-27
V0243,Amelia Johnson,Weekdays AM,158,2025-07-22
V0244,James Garcia,Weekdays PM,284,2025-07-04
V0245,Henry Martin,Flexible,341,2025-08-18
V0246,Noah Wilson,Weekdays PM,330,2025-06-03
V0247,Elijah Jones,Weekdays PM,92,2025-08-05
V0248,Daniel Moore,Weekdays PM,248,2025-08-01
V0249,Mason Martinez,Weekdays AM,306,2025-08-03
V0250,Ethan Rodriguez,Flexible,202,2025-08-29
